"occID","scientific_name","longitude","latitude","country","state_province","locality","year","record_type","catalog_number","institution_code","elevation","uncertainty","cells","bio01","bio02","bio04","bio07","bio12"
1,"Salamandra salamandra terrestris Lacépède, 1788",1.8765,47.57674,"France","Centre",NA,2024,"HUMAN_OBSERVATION","195459090","iNaturalist",NA,8,52204,11.7037562912298,8.65038177446059,480.286643545287,20.9814169090308,1034.45651531013
2,"Salamandra salamandra (Linnaeus, 1758)",15.52774,46.65906,"Austria","Steiermark",NA,2024,"HUMAN_OBSERVATION","195466444","iNaturalist",NA,1,53672,10.4859306507273,10.5840077452166,654.193613409241,27.336776689778,797.268616384373
4,"Salamandra salamandra (Linnaeus, 1758)",7.96952,49.37813,"Germany","Rheinland-Pfalz",NA,2024,"HUMAN_OBSERVATION","195473888","iNaturalist",NA,12,50056,10.3723632971144,8.00124036325052,556.931696095561,22.2067115687502,1102.41795118098
5,"Salamandra salamandra (Linnaeus, 1758)",9.60131,46.1601,"Italy","Lombardia",NA,2024,"HUMAN_OBSERVATION","195479196","iNaturalist",NA,20,54380,5.50062132451908,8.74585372206192,603.842756174685,24.8962360244746,1166.94914369868
6,"Salamandra salamandra (Linnaeus, 1758)",14.47916,46.27096,"Slovenia","Gorenjska",NA,2024,"HUMAN_OBSERVATION","195496696","iNaturalist",NA,15,54389,9.05996254635315,10.5370339258949,625.860002243586,26.8735871617413,956.231376308734
7,"Salamandra salamandra terrestris Lacépède, 1788",-1.90855,47.13414,"France","Pays de la Loire",NA,2024,"HUMAN_OBSERVATION","195506077","iNaturalist",NA,50,52917,13.6408474465677,5.99802544338925,401.176056909312,16.8795545841614,1030.98605729419
8,"Salamandra salamandra (Linnaeus, 1758)",-7.33231,39.40892,"Portugal","Portalegre",NA,2024,"HUMAN_OBSERVATION","195507480","iNaturalist",NA,1183,64426,16.0108404804746,10.5034378715073,627.566116817784,27.4500837599081,658.734583402692
9,"Salamandra salamandra (Linnaeus, 1758)",-4.67128,43.06607,"Spain","Cantabria",NA,2024,"HUMAN_OBSERVATION","195512444","iNaturalist",NA,340,58671,12.0296984941996,5.91497319942333,370.031304984954,15.8804819556862,911.836645228675
10,"Salamandra salamandra terrestris Lacépède, 1788",-2.63077,48.36322,"France","Bretagne",NA,2024,"HUMAN_OBSERVATION","195512818","iNaturalist",NA,20,51475,13.2209741865467,4.66760440143412,374.104366079585,14.724640084874,1068.87671080622
14,"Salamandra salamandra (Linnaeus, 1758)",14.38578,50.14455,"Czechia","Středočeský",NA,2024,"HUMAN_OBSERVATION","195591768","iNaturalist",NA,7,48629,9.22279772822365,8.59903491046356,618.253332822375,24.202182608752,887.324665532333
41,"Salamandra salamandra (Linnaeus, 1758)",-8.27853,40.07161,"Portugal","Coimbra",NA,2024,"HUMAN_OBSERVATION","195601729","iNaturalist",NA,7,62984,15.3041940357209,10.2370342417644,507.194125116266,24.5529982709826,869.27730867856
43,"Salamandra salamandra (Linnaeus, 1758)",-4.78717,38.00316,"Spain","Andalucía",NA,2024,"HUMAN_OBSERVATION","195624375","iNaturalist",NA,37,65871,16.8078257998884,10.7931799192175,711.672404517251,29.5327972531996,455.06282865887
46,"Salamandra salamandra (Linnaeus, 1758)",14.2814,48.33374,"Austria","Oberösterreich",NA,2024,"HUMAN_OBSERVATION","195667728","iNaturalist",NA,64,51509,8.34143874496397,9.22052479413416,620.300563811624,25.1340419857318,938.82997690089
47,"Salamandra salamandra gallaica López-Seoane, 1885",-9.3062,38.72837,"Portugal","Lisboa",NA,2024,"HUMAN_OBSERVATION","195682868","iNaturalist",NA,10,65142,17.5202807407747,5.13413789249988,361.890283765287,15.2658198668961,491.73005293764
49,"Salamandra salamandra terrestris Lacépède, 1788",4.259,44.59941,"France","Rhône-Alpes",NA,2024,"HUMAN_OBSERVATION","195697965","iNaturalist",NA,8,56529,10.1607084107194,9.6085738726978,535.487133230611,23.8088501271101,960.536822964043
53,"Salamandra salamandra (Linnaeus, 1758)",7.12451,45.03055,"Italy","Piemonte",NA,2024,"HUMAN_OBSERVATION","195742111","iNaturalist",NA,5,55815,7.35956816323442,8.71075951356486,598.346602521672,24.796250280376,1197.34846851345
61,"Salamandra salamandra (Linnaeus, 1758)",12.69246,48.61205,"Germany","Bayern",NA,2024,"HUMAN_OBSERVATION","195825179","iNaturalist",NA,26646,50786,9.03659016420716,8.08860785945848,623.84322963264,23.9918097883872,1012.7099540243
66,"Salamandra salamandra (Linnaeus, 1758)",7.466,45.73886,"Italy","Valle d'Aosta",NA,2024,"HUMAN_OBSERVATION","195935532","iNaturalist",NA,27126,55095,6.5225180692276,8.32084407004108,595.231910172658,24.5244722875984,1357.34409157394
68,"Salamandra salamandra salamandra",11.15303,45.51503,"Italy","Veneto",NA,2024,"HUMAN_OBSERVATION","196012308","iNaturalist",NA,27158,55103,7.45938379911862,9.68727445380089,628.736801300555,26.1458097166793,1159.81071938536
70,"Salamandra salamandra (Linnaeus, 1758)",18.87436,47.90055,"Hungary","Pest",NA,2024,"HUMAN_OBSERVATION","196070727","iNaturalist",NA,122,52238,11.5493470662044,8.90073974111884,747.564917838519,28.4924004467481,717.355079625176
72,"Salamandra salamandra terrestris Lacépède, 1788",0.46112,46.62872,"France","Poitou-Charentes",NA,2024,"HUMAN_OBSERVATION","196111878","iNaturalist",NA,7,53641,12.3878894977018,8.85741195628058,462.957324982635,20.8827657514218,1094.55258853292
73,"Salamandra salamandra salamandra",8.05581,45.47148,"Italy","Piemonte",NA,2024,"HUMAN_OBSERVATION","196120267","iNaturalist",NA,15,55817,7.72973507353852,8.88463994563366,606.85122181866,24.9608986243847,1083.08008581156
77,"Salamandra salamandra (Linnaeus, 1758)",7.39276,44.5348,"Italy","Piemonte",NA,2024,"HUMAN_OBSERVATION","196274040","iNaturalist",NA,27317,56535,8.65211148427182,8.9691385542787,601.326415140731,24.9848848999242,1031.57471460154
80,"Salamandra salamandra (Linnaeus, 1758)",11.38445,46.50576,"Italy","Trentino-Alto Adige",NA,2024,"HUMAN_OBSERVATION","196588095","iNaturalist",NA,82,53663,5.76730569350887,9.22818196124218,605.874824415829,25.3212703691187,1132.40023291333
82,"Salamandra salamandra (Linnaeus, 1758)",-8.77614,40.48791,"Portugal","Coimbra",NA,2024,"HUMAN_OBSERVATION","196656991","iNaturalist",NA,8,62983,15.972764431657,8.97425840978439,448.631596719682,21.632966901121,808.39925821884
91,"Salamandra salamandra (Linnaeus, 1758)",-6.51462,42.82747,"Spain","Castilla y León",NA,2024,"HUMAN_OBSERVATION","196779784","iNaturalist",NA,26,59387,10.7731038746872,9.05525369896644,428.300849061259,21.0179357709284,1200.56720541253
93,"Salamandra salamandra gallaica López-Seoane, 1885",-8.60104,41.54584,"Portugal","Braga",NA,2024,"HUMAN_OBSERVATION","196788210","iNaturalist",NA,30,60823,14.5421930133973,9.6588670719405,432.428368042733,22.0607304367208,1150.90450073807
94,"Salamandra salamandra terrestris Lacépède, 1788",3.73179,50.34046,"Belgium","Wallonie",NA,2024,"HUMAN_OBSERVATION","196788698","iNaturalist",NA,8,48608,11.0555873210178,7.60963125375892,507.781687728492,20.5615326949923,1095.67472095575
102,"Salamandra salamandra terrestris Lacépède, 1788",3.84043,44.06974,"France","Languedoc-Roussillon",NA,2024,"HUMAN_OBSERVATION","196931637","iNaturalist",NA,22,57248,10.4420288727795,9.77317940237923,539.248274268794,24.2307544107452,907.848937513567
103,"Salamandra salamandra terrestris Lacépède, 1788",6.044,47.2343,"France","Franche-Comté",NA,2024,"HUMAN_OBSERVATION","196937178","iNaturalist",NA,4,52933,9.79312097927507,8.53692583790061,535.246274611313,22.4443266620372,1398.45283392336
104,"Salamandra salamandra morenica Joger & Steinfartz, 1994",-3.96317,38.12608,"Spain","Andalucía",NA,2024,"HUMAN_OBSERVATION","196943585","iNaturalist",NA,381,65873,15.6571694086383,10.3633488424931,706.040170775076,29.1007599918214,443.847776992448
105,"Salamandra salamandra (Linnaeus, 1758)",-6.56363,43.53395,"Spain","Principado de Asturias",NA,2024,"HUMAN_OBSERVATION","196947570","iNaturalist",NA,31,57947,13.9574154976619,4.217832178871,312.629504249266,12.8257454163563,1065.89024698599
108,"Salamandra salamandra (Linnaeus, 1758)",-7.82108,39.05118,"Portugal","Portalegre",NA,2024,"HUMAN_OBSERVATION","197052005","iNaturalist",NA,15,64425,16.3381734515353,9.9105269059667,578.181435405479,25.6972203240078,666.13586259358
109,"Salamandra salamandra (Linnaeus, 1758)",-5.82691,43.37949,"Spain","Principado de Asturias",NA,2024,"HUMAN_OBSERVATION","197070909","iNaturalist",NA,8,58669,11.9059868108898,6.42310445948735,373.273158995772,16.6354295417934,1003.33718902258
114,"Salamandra salamandra (Linnaeus, 1758)",-7.73282,41.29876,"Portugal","Vila Real",NA,2024,"HUMAN_OBSERVATION","197386445","iNaturalist",NA,2179,61545,13.0810187668464,10.3699789872691,508.739330350096,25.093003788337,1139.54818045484
117,"Salamandra salamandra (Linnaeus, 1758)",5.70584,43.91909,"France","Provence-Alpes-Côte d'Azur",NA,2024,"HUMAN_OBSERVATION","197402168","iNaturalist",NA,244,57972,12.2596820315213,8.39873231433522,566.940007047497,23.6484524770983,787.437070273825
119,"Salamandra salamandra gallaica López-Seoane, 1885",-8.74715,38.86354,"Portugal","Santarém",NA,2024,"HUMAN_OBSERVATION","197475340","iNaturalist",NA,28181,65143,17.5727374605849,7.40234218278872,443.93372853973,19.7990634086776,524.106015138187
121,"Salamandra salamandra (Linnaeus, 1758)",7.90179,47.5384,"Switzerland","Basel-Landschaft",NA,2024,"HUMAN_OBSERVATION","197477721","iNaturalist",NA,26839,52216,9.34644904140208,8.08103741056667,555.86880788086,22.4451794917829,1331.06918225389
127,"Salamandra salamandra (Linnaeus, 1758)",7.42187,51.38853,"Germany","Nordrhein-Westfalen",NA,2024,"HUMAN_OBSERVATION","197527255","iNaturalist",NA,117,47175,10.9220544843143,7.20431153189586,556.49789611366,21.4048086752727,1050.57917035439
128,"Salamandra salamandra terrestris Lacépède, 1788",0.85391,48.60444,"France","Centre",NA,2024,"HUMAN_OBSERVATION","197531994","iNaturalist",NA,61,50762,11.8252818713156,7.90000703484569,464.466899765395,19.852340196329,1021.36339513328
134,"Salamandra salamandra (Linnaeus, 1758)",-6.08883,40.02303,"Spain","Extremadura",NA,2024,"HUMAN_OBSERVATION","197618939","iNaturalist",NA,25,62988,13.3087884661706,10.5602775532666,620.51384904773,27.6965604844186,772.014237368498
143,"Salamandra salamandra (Linnaeus, 1758)",-8.23573,40.89946,"Portugal","Aveiro",NA,2024,"HUMAN_OBSERVATION","197676910","iNaturalist",NA,6,62264,14.6492801721122,10.3703023865805,497.123877877011,24.5599760666312,979.789916180794
145,"Salamandra salamandra (Linnaeus, 1758)",-8.75024,37.80135,"Portugal","Beja",NA,2024,"HUMAN_OBSERVATION","197697551","iNaturalist",NA,4,66583,18.4409965885134,5.53922527046322,395.695371933458,16.6114407293858,388.124483805189
153,"Salamandra salamandra (Linnaeus, 1758)",-7.82762,42.29794,"Spain","Galicia",NA,2024,"HUMAN_OBSERVATION","197800138","iNaturalist",NA,4,60105,11.9784838572038,9.8682024702543,447.35035063859,22.7310025207419,1323.35183966292
155,"Salamandra salamandra (Linnaeus, 1758)",6.71359,46.40234,"Switzerland","Vaud",NA,2024,"HUMAN_OBSERVATION","197809663","iNaturalist",NA,26999,54374,7.59915298279996,8.54978790927634,570.429941151372,23.9225598461919,1477.53614014359
161,"Salamandra salamandra (Linnaeus, 1758)",4.478,48.33264,"France","Champagne-Ardenne",NA,2024,"HUMAN_OBSERVATION","198044455","iNaturalist",NA,9,51489,11.2042622737765,8.48611329840904,512.436639707435,21.5573766512269,1090.19489389988
164,"Salamandra salamandra (Linnaeus, 1758)",2.03203,46.08859,"France","Limousin",NA,2024,"HUMAN_OBSERVATION","198122278","iNaturalist",NA,3,54365,10.9323740784369,8.76928313554555,487.979378511851,21.4832264536078,1153.89603529171
165,"Salamandra salamandra (Linnaeus, 1758)",-7.91772,38.27606,"Portugal","Beja",NA,2024,"HUMAN_OBSERVATION","198203143","iNaturalist",NA,4,65865,18.0106004964422,9.33848946791569,585.138456455199,24.9737965880961,482.941131499381
171,"Salamandra salamandra gallaica López-Seoane, 1885",-9.23727,39.25531,"Portugal","Lisboa",NA,2024,"HUMAN_OBSERVATION","202290616","iNaturalist",NA,14,64422,17.1659379863627,5.33718828782493,364.237023953203,15.5298722466481,570.891742606286
172,"Salamandra salamandra (Linnaeus, 1758)",15.06126,50.7927,"Czechia","Liberecký",NA,2024,"HUMAN_OBSERVATION","204014435","iNaturalist",NA,17,47911,9.82526145232677,8.41627905678243,644.821356444573,24.7422615571306,831.92983789695
173,"Salamandra salamandra terrestris Lacépède, 1788",6.66434,45.57813,"France","Rhône-Alpes",NA,2024,"HUMAN_OBSERVATION","205489781","iNaturalist",NA,15,55094,7.46551930693112,8.82322184297526,577.834897189695,24.4363137944536,1360.24493854685
183,"Salamandra salamandra (Linnaeus, 1758)",-8.46862,42.33577,"Spain","Pontevedra","Fornelos de Montes",2024,"HUMAN_OBSERVATION","OBS.295999702",NA,NA,3,60104,13.1824702798273,9.6118059493973,428.739885382699,21.8696412213963,1294.55371901974
197,"Salamandra salamandra (Linnaeus, 1758)",-5.38476,36.71159,"Spain","Cádiz","Villaluenga del Rosario",2024,"HUMAN_OBSERVATION","OBS.297710636",NA,NA,5,68030,18.6584130693007,6.46823334655143,540.621336332871,20.9461536936405,339.394235396483
223,"Salamandra salamandra (Linnaeus, 1758)",8.50406,47.2899,"Switzerland",NA,"UTM25_32T_0450_5225",2024,"HUMAN_OBSERVATION","-1741183438","naturgucker",NA,25,52938,6.9977281572682,8.3474904023084,572.306219144074,23.5750507353453,1307.88535339014
226,"Salamandra salamandra (Linnaeus, 1758)",8.68718,48.98767,"Germany",NA,"TK25 Blatt 7018/1 - Göbrichen / Neulingen",2024,"HUMAN_OBSERVATION","1556427136","naturgucker",NA,25,50778,10.6719792386818,7.60454749712174,584.51486339067,22.4817224459525,1117.38290335445
229,"Salamandra salamandra (Linnaeus, 1758)",8.968,49.662,"Germany",NA,"TK25 Blatt 6319/2 - Odenwald / Erbach / Michelstadt",2024,"HUMAN_OBSERVATION","2062277835","naturgucker",NA,25,49338,10.2528295179735,7.76405373319892,567.68610392905,22.2572283022453,1043.13048250106
234,"Salamandra salamandra terrestris Lacépède, 1788",4.92655,47.42282,"France","Bourgogne",NA,2024,"HUMAN_OBSERVATION","198169308","iNaturalist",NA,3,52930,11.0443957886553,8.90328005288736,517.914590072865,22.1382436274245,1117.29091795581
249,"Salamandra salamandra terrestris Lacépède, 1788",-0.7985,45.08037,"France","Aquitaine",NA,2024,"HUMAN_OBSERVATION","198228738","iNaturalist",NA,42,55799,14.7998544512022,5.57949870958033,404.745720451603,16.62695277119,993.837630417686
252,"Salamandra salamandra terrestris Lacépède, 1788",3.20426,48.91737,"France","Île-de-France",NA,2024,"HUMAN_OBSERVATION","198246577","iNaturalist",NA,11,50767,11.6057582500793,8.26815494757813,504.259515175902,21.1211397357554,1051.42405307715
255,"Salamandra salamandra (Linnaeus, 1758)",-8.82661,39.83456,"Portugal","Leiria",NA,2024,"HUMAN_OBSERVATION","198287859","iNaturalist",NA,8,63703,16.5136041698034,8.39564991773464,447.907940705204,20.9561985003524,703.402134201898
258,"Salamandra salamandra terrestris Lacépède, 1788",10.73217,52.20774,"Germany","Niedersachsen",NA,2024,"HUMAN_OBSERVATION","198329417","iNaturalist",NA,9,45742,10.4525064507313,7.92250224432662,600.198502757798,23.0604357540378,886.731235734003
267,"Salamandra salamandra terrestris Lacépède, 1788",9.50584,52.28354,"Germany","Niedersachsen",NA,2024,"HUMAN_OBSERVATION","198332812","iNaturalist",NA,4,45740,10.4164302882411,7.84829543116644,586.255164654307,22.6894984042414,941.417014680022
279,"Salamandra salamandra terrestris Lacépède, 1788",-3.84405,48.6036,"France","Bretagne",NA,2024,"HUMAN_OBSERVATION","198647753","iNaturalist",NA,90,50753,13.1129235104919,3.38997060564812,355.844649303578,12.9421802573778,1086.28779166529
294,"Salamandra salamandra (Linnaeus, 1758)",-7.18592,40.53998,"Portugal","Guarda",NA,2024,"HUMAN_OBSERVATION","198758505","iNaturalist",NA,1653,62266,13.1027835732993,10.684760312205,561.563288037593,26.6979238486074,990.465802475513
295,"Salamandra salamandra (Linnaeus, 1758)",8.71924,44.67111,"Italy","Piemonte",NA,2024,"HUMAN_OBSERVATION","198803608","iNaturalist",NA,27285,56538,9.96432404472454,9.67594246159235,616.542600106605,25.7988807502736,902.467073889776
296,"Salamandra salamandra (Linnaeus, 1758)",16.03799,48.16119,"Austria","Niederösterreich",NA,2024,"HUMAN_OBSERVATION","198817949","iNaturalist",NA,187,51513,10.0256076614629,9.47711934685947,671.894212419117,26.5641223180858,768.89439060947
297,"Salamandra salamandra (Linnaeus, 1758)",12.39412,47.79116,"Germany","Bayern",NA,2024,"HUMAN_OBSERVATION","198821603","iNaturalist",NA,5,52225,8.14552401748175,8.65305733472413,610.449618626707,24.3612824870001,1044.40819625347
298,"Salamandra salamandra terrestris Lacépède, 1788",-0.86162,49.20037,"France","Basse-Normandie",NA,2024,"HUMAN_OBSERVATION","198828948","iNaturalist",NA,61,50039,12.4226981987884,5.32942657689422,422.258668479196,16.4528686968922,1041.27152801312
299,"Salamandra salamandra (Linnaeus, 1758)",13.50628,46.86443,"Austria","Kärnten",NA,2024,"HUMAN_OBSERVATION","198834937","iNaturalist",NA,8,53668,7.94719859826796,10.3287668661726,617.234251767518,26.5048821396448,983.585431528401
303,"Salamandra salamandra (Linnaeus, 1758)",11.31119,50.77885,"Germany","Thüringen",NA,2024,"HUMAN_OBSERVATION","198878437","iNaturalist",NA,26325,47903,9.67757065893457,7.98095737537336,591.72671797679,22.9528352950079,974.966317832967
312,"Salamandra salamandra (Linnaeus, 1758)",8.70939,50.56859,"Germany","Hessen",NA,2024,"HUMAN_OBSERVATION","198897324","iNaturalist",NA,6,47898,10.2977323911907,7.49320120095215,570.323744754912,21.9817678401334,1010.47179958018
314,"Salamandra salamandra terrestris Lacépède, 1788",3.04692,43.79437,"France","Languedoc-Roussillon",NA,2024,"HUMAN_OBSERVATION","198902936","iNaturalist",NA,27443,57967,11.4065094687147,8.75188175270445,523.786878722241,22.7704355613314,828.858910370265
315,"Salamandra salamandra (Linnaeus, 1758)",8.8933,45.80278,"Italy","Lombardia",NA,2024,"HUMAN_OBSERVATION","198909639","iNaturalist",NA,66,55098,6.72353652049335,8.61339644735986,600.148519582679,24.418999367159,1116.73778590798
331,"Salamandra salamandra terrestris Lacépède, 1788",0.79623,47.34074,"France","Centre",NA,2024,"HUMAN_OBSERVATION","198948237","iNaturalist",NA,26871,52922,11.9420418505911,8.72512615101732,467.11656201188,20.8050183372657,1083.39309728133
338,"Salamandra salamandra terrestris Lacépède, 1788",-0.59948,47.48281,"France","Pays de la Loire",NA,2024,"HUMAN_OBSERVATION","198982136","iNaturalist",NA,43,52919,12.8433004860251,8.10403062369362,442.836394745007,19.8372966606846,1057.43328292136
340,"Salamandra salamandra (Linnaeus, 1758)",23.19797,41.35293,"Bulgaria","Blagoevgrad",NA,2024,"HUMAN_OBSERVATION","198982369","iNaturalist",NA,27816,61607,13.1063688558742,9.90431401560014,770.12498579788,30.5883789082218,621.198715118189
364,"Salamandra salamandra (Linnaeus, 1758)",11.0021,51.73262,"Germany","Sachsen-Anhalt",NA,2024,"HUMAN_OBSERVATION","198997036","iNaturalist",NA,5,46463,10.3908326612427,7.91107168047192,600.266691256003,23.0272088962636,879.050234640057
371,"Salamandra salamandra terrestris Lacépède, 1788",1.38053,46.33465,"France","Limousin",NA,2024,"HUMAN_OBSERVATION","199010504","iNaturalist",NA,6,54363,11.7055039166278,8.80593424735929,475.487525135045,21.212045483562,1181.9934984689
374,"Salamandra salamandra terrestris Lacépède, 1788",2.12404,48.85431,"France","Île-de-France",NA,2024,"HUMAN_OBSERVATION","199066880","iNaturalist",NA,9,50765,11.9245025937472,8.17534925985791,493.246155079019,20.7823023143188,1016.71076664285
380,"Salamandra salamandra (Linnaeus, 1758)",9.92799,45.71008,"Italy","Lombardia",NA,2024,"HUMAN_OBSERVATION","199101457","iNaturalist",NA,4,55100,6.93766040284189,9.08574072893305,615.807415633834,25.2080923199495,1110.68415698869
383,"Salamandra salamandra (Linnaeus, 1758)",-7.58677,37.36998,"Portugal","Faro",NA,2024,"HUMAN_OBSERVATION","199115359","iNaturalist",NA,2,67305,19.1495820871601,4.46430668089718,426.118310786194,16.0920965253984,355.280768461835
457,"Salamandra salamandra terrestris Lacépède, 1788",-3.80683,47.87089,"France","Bretagne",NA,2024,"HUMAN_OBSERVATION","199553242","iNaturalist",NA,13,52193,13.905513654919,3.62951555129905,345.331002184431,13.0607365695624,1029.95034317102
464,"Salamandra salamandra (Linnaeus, 1758)",1.78277,44.05573,"France","Midi-Pyrénées",NA,2024,"HUMAN_OBSERVATION","199574897","iNaturalist",NA,53,57244,11.3804324553239,9.46211001115199,498.968478819577,22.4479090944658,1089.61488052561
470,"Salamandra salamandra (Linnaeus, 1758)",13.39566,47.7988,"Austria","Oberösterreich",NA,2024,"HUMAN_OBSERVATION","199592767","iNaturalist",NA,1457,52227,8.15077832531027,9.24194357333478,614.242394153145,25.0735626826586,992.822695831103
491,"Salamandra salamandra (Linnaeus, 1758)",15.9187,48.88451,"Czechia","Jihomoravský",NA,2024,"HUMAN_OBSERVATION","199667981","iNaturalist",NA,26614,50792,9.04704731481372,9.117201442515,647.731164466003,25.612021725954,826.679245862691
493,"Salamandra salamandra (Linnaeus, 1758)",11.31193,49.59856,"Germany","Bayern",NA,2024,"HUMAN_OBSERVATION","199677910","iNaturalist",NA,16,49343,9.22969609522062,8.09282382427626,590.998175056806,23.1349662880009,1055.72930203003
494,"Salamandra salamandra (Linnaeus, 1758)",-0.1619,43.64693,"France","Midi-Pyrénées",NA,2024,"HUMAN_OBSERVATION","199680549","iNaturalist",NA,3,57960,13.2504543225429,9.30177002125679,449.694029432504,21.1518602534683,1033.04707654077
496,"Salamandra salamandra (Linnaeus, 1758)",14.3484,47.73672,"Austria","Oberösterreich",NA,2024,"HUMAN_OBSERVATION","199703071","iNaturalist",NA,10,52229,8.25164002847139,9.96731876268517,615.011770207189,25.7664950731748,935.645479550916
504,"Salamandra salamandra (Linnaeus, 1758)",-5.69672,37.88293,"Spain","Andalucía",NA,2024,"HUMAN_OBSERVATION","199819775","iNaturalist",NA,11531,66589,18.2258863409558,10.48863451958,690.590607338603,28.6096816997307,406.846012152603
509,"Salamandra salamandra (Linnaeus, 1758)",1.57558,45.55139,"France","Limousin",NA,2024,"HUMAN_OBSERVATION","199888493","iNaturalist",NA,246,55084,11.2718247463362,8.91807181155966,486.597373476177,21.643125810869,1210.34719262641
510,"Salamandra salamandra terrestris Lacépède, 1788",-0.93856,45.80392,"France","Poitou-Charentes",NA,2024,"HUMAN_OBSERVATION","199899950","iNaturalist",NA,15,55079,14.4908287439076,5.77797380720621,412.441208700873,17.0335737185343,997.816868116031
511,"Salamandra salamandra (Linnaeus, 1758)",10.81839,46.0688,"Italy","Trentino-Alto Adige",NA,2024,"HUMAN_OBSERVATION","199900654","iNaturalist",NA,61,54382,6.06043332791455,9.21579165715751,612.342400833539,25.3746986899646,1166.56973022659
514,"Salamandra salamandra (Linnaeus, 1758)",7.85456,50.05009,"Germany","Hessen",NA,2024,"HUMAN_OBSERVATION","199923152","iNaturalist",NA,131,48616,10.1946197425037,7.67207140363324,553.594421800502,21.7720568745396,1061.08152803356
515,"Salamandra salamandra (Linnaeus, 1758)",-8.53119,42.87573,"Spain","Galicia",NA,2024,"HUMAN_OBSERVATION","199952960","iNaturalist",NA,278,59383,14.1833273801951,6.93806276084759,352.839556116827,16.817832676837,1257.32008448766
523,"Salamandra salamandra (Linnaeus, 1758)",12.20738,49.03245,"Germany","Bayern",NA,2024,"HUMAN_OBSERVATION","200108803","iNaturalist",NA,5376,50065,9.00219547740857,8.26461210335573,604.581203490999,23.6438979223864,1033.80522906935
524,"Salamandra salamandra (Linnaeus, 1758)",23.48121,41.79507,"Bulgaria","Blagoevgrad",NA,2024,"HUMAN_OBSERVATION","200113834","iNaturalist",NA,167,60887,11.9005844690931,10.4873585908865,754.351839003129,30.8936671701956,651.911601128933
528,"Salamandra salamandra (Linnaeus, 1758)",2.09932,41.58284,"Spain","Cataluña",NA,2024,"HUMAN_OBSERVATION","200195756","iNaturalist",NA,5,60845,15.1091511667686,6.8022176812169,530.447655622868,21.0012231286753,457.353697705389
531,"Salamandra salamandra terrestris Lacépède, 1788",1.08428,42.95038,"France","Midi-Pyrénées",NA,2024,"HUMAN_OBSERVATION","200256982","iNaturalist",NA,121,59403,10.8182140392274,9.95321498692313,518.167775160176,23.7031022161057,776.590252793261
535,"Salamandra salamandra (Linnaeus, 1758)",15.89191,47.15482,"Austria","Steiermark",NA,2024,"HUMAN_OBSERVATION","200266229","iNaturalist",NA,4,52952,10.1943781225733,10.552158343341,655.7302145453,27.2676296021635,792.952602522985
553,"Salamandra salamandra (Linnaeus, 1758)",20.62134,44.67187,"Serbia","Grad Beograd",NA,2024,"HUMAN_OBSERVATION","200391090","iNaturalist",NA,4,56562,13.0578433823753,10.0019992821563,744.522648389618,29.5512301060553,690.614294833013
559,"Salamandra salamandra (Linnaeus, 1758)",5.41237,45.90399,"France","Rhône-Alpes",NA,2024,"HUMAN_OBSERVATION","200498776","iNaturalist",NA,130,55091,9.97658216504665,9.33747696876019,542.525468501977,23.4194009424674,1109.92222629787
566,"Salamandra salamandra (Linnaeus, 1758)",-5.03664,40.25903,"Spain","Castilla y León",NA,2024,"HUMAN_OBSERVATION","200539487","iNaturalist",NA,31,62990,12.7114040237745,10.4326719614449,640.58747815171,28.0201570785931,710.66864544031
567,"Salamandra salamandra (Linnaeus, 1758)",7.9589,44.19396,"Italy","Piemonte",NA,2024,"HUMAN_OBSERVATION","200558557","iNaturalist",NA,10,57256,11.4125162425793,7.96689966539966,596.853005665108,23.8360413784376,861.114817471674
568,"Salamandra salamandra terrestris Lacépède, 1788",2.84597,42.50674,"France","Languedoc-Roussillon",NA,2024,"HUMAN_OBSERVATION","200594911","iNaturalist",NA,4,59406,13.8074821306233,6.25354654420346,506.59586145873,19.986426692669,621.864139833845
569,"Salamandra salamandra (Linnaeus, 1758)",17.69807,45.60421,"Croatia","Viroviticko-Podravska",NA,2024,"HUMAN_OBSERVATION","200597311","iNaturalist",NA,4,55116,12.5687949283705,10.552973303556,699.625473568443,28.7048986001064,705.822364724928
574,"Salamandra salamandra (Linnaeus, 1758)",14.12523,46.65609,"Austria","Kärnten",NA,2024,"HUMAN_OBSERVATION","200731960","iNaturalist",NA,249,53669,8.54190610008644,10.5448669230179,619.077809010363,26.6446669419582,961.101609939996
594,"Salamandra salamandra (Linnaeus, 1758)",7.36717,43.90142,"France","Provence-Alpes-Côte d'Azur",NA,2024,"HUMAN_OBSERVATION","200856151","iNaturalist",NA,349,57975,13.1998441931676,7.42296756127049,581.237367523225,23.0078948151379,766.409769866957
617,"Salamandra salamandra (Linnaeus, 1758)",-1.06578,48.20632,"France","Pays de la Loire",NA,2024,"HUMAN_OBSERVATION","202412311","iNaturalist",NA,8,51478,12.304138472864,7.45668435405599,426.817860165181,18.6598222645832,1078.05184609125
621,"Salamandra salamandra (Linnaeus, 1758)",2.4915,42.13973,"Spain","Cataluña",NA,2024,"HUMAN_OBSERVATION","203203851","iNaturalist",NA,23,60125,13.8661781986806,7.73579120666533,539.66437447134,22.2434401838537,559.520415301689
643,"Salamandra salamandra (Linnaeus, 1758)",5.7,50.9,"Netherlands","Limburg","Meerssen - Bunderbos",2024,"HUMAN_OBSERVATION","OBS.298337111",NA,NA,5000,47892,10.8573419897158,7.52084557110307,539.485232140437,21.3477858377371,1082.59168432052
647,"Salamandra salamandra (Linnaeus, 1758)",4.74054,50.1075,"France","Ardennes (08)","Hierges",2024,"HUMAN_OBSERVATION","OBS.298532535",NA,NA,5,48610,10.6994457054934,7.74580947439067,516.851278786007,20.9517094078547,1113.48433678076
648,"Salamandra salamandra (Linnaeus, 1758)",-7.71467,43.60157,"Spain","Lugo","Ourol",2024,"HUMAN_OBSERVATION","OBS.298542654",NA,NA,37,57945,14.3622401980037,3.3983640961023,295.637594773438,11.5388052900074,1156.9494722704
649,"Salamandra salamandra (Linnaeus, 1758)",-5.57723,36.0333,"Spain","Cádiz","Tarifa - Observatorio ornitológico de Cazalla",2024,"HUMAN_OBSERVATION","OBS.298586159",NA,NA,4,68749,19.134384132832,4.16121802816819,447.476619975683,16.3513880875961,315.816975581349
664,"Salamandra salamandra (Linnaeus, 1758)",-7.64705,42.85518,"Spain","Lugo","Portomarín",2024,"HUMAN_OBSERVATION","OBS.298860766",NA,NA,5,59385,11.7938504841601,8.92944543782802,402.542110941567,20.2746180131435,1357.58706472265
698,"Salamandra salamandra fastuosa Schreiber, 1912",-3.58703,43.34973,"Spain","Cantabria","Solórzano",2024,"HUMAN_OBSERVATION","OBS.299368674",NA,NA,17,58673,12.6436925057931,6.12298050920363,370.857286881683,15.9609978978808,853.959789212748
706,"Salamandra salamandra (Linnaeus, 1758)",2.64186,46.65365,"France","Allier (03)","Braize",2024,"HUMAN_OBSERVATION","OBS.299534662",NA,NA,9,53646,10.9878371221852,8.78395269877953,491.314230088252,21.4774004949965,1078.76851909888
732,"Salamandra salamandra (Linnaeus, 1758)",10.30822,50.95298,"Germany","Thüringen","WAK Wartburgkreis (Landkreis)",2024,"HUMAN_OBSERVATION","OBS.301915955",NA,NA,1,47901,9.95787546179995,7.81803935206707,584.554613553482,22.6106064528096,978.91281521501
735,"Salamandra salamandra (Linnaeus, 1758)",-8.57,37.33,"Portugal","Faro","Monchique - N2000",2024,"HUMAN_OBSERVATION","OBS.304078086",NA,NA,1000,67303,18.8558034016446,3.45306622724691,348.574991537029,13.1690412628575,333.024359074425
739,"Salamandra salamandra (Linnaeus, 1758)",11.46754,49.06348,"Germany","Bayern","EI Eichstätt (Landkreis)",2024,"HUMAN_OBSERVATION","OBS.306739639",NA,NA,4,50063,9.37411491701009,7.97905996214922,598.03106656214,23.1912952284874,1080.05312874742
770,"Salamandra salamandra (Linnaeus, 1758)",7.17848,49.14433,"Germany",NA,"TK25 Blatt 6809/3 - Gersheim / Reinheim",2024,"HUMAN_OBSERVATION","-1063085327","naturgucker",NA,25,50055,10.3584989635375,8.0418175452595,549.938171840126,22.0800870263916,1112.57527427321
771,"Salamandra salamandra (Linnaeus, 1758)",9.60488,50.51619,"Germany",NA,"TK25 Blatt 5423/4 - Fulda (West) / Sickels / Harmerz",2024,"HUMAN_OBSERVATION","-117414501","naturgucker",NA,25,47900,10.0974536975988,7.70399566873386,580.0932233418,22.396717479512,984.095105410981
780,"Salamandra salamandra (Linnaeus, 1758)",9.85156,51.31313,"Germany",NA,"Witzenhausen Gelstertal",2024,"HUMAN_OBSERVATION","-191325302","naturgucker",NA,250,47180,10.3031838850231,7.40285947958072,588.714187343335,22.2991775804316,960.569212760896
788,"Salamandra salamandra (Linnaeus, 1758)",9.50679,48.41454,"Germany",NA,"Uracher Wasserfall und Maisental",2024,"HUMAN_OBSERVATION","-473596496","naturgucker",NA,250,51500,9.58420678776888,7.71287017974806,593.647551081203,22.8708892894304,1149.35036793605
789,"Salamandra salamandra (Linnaeus, 1758)",9.41926,49.1008,"Germany",NA,"Reisa her Berg",2024,"HUMAN_OBSERVATION","-734042047","naturgucker",NA,250,50059,10.3090232528558,7.79575101848981,579.347857077529,22.5441397778528,1074.42269678645
794,"Salamandra salamandra (Linnaeus, 1758)",9.52313,49.98865,"Germany",NA,"NSG Spessartwiesen und Kalter Grund zw. Heigenbrücken und Neuhütten",2024,"HUMAN_OBSERVATION","-946199563","naturgucker",NA,250,49340,9.91231114282021,8.10049115139002,573.394110273878,22.6650303760726,1038.83245595745
807,"Salamandra salamandra (Linnaeus, 1758)",6.87564,50.8699,"Germany",NA,"Hürther Berg",2024,"HUMAN_OBSERVATION","1946492009","naturgucker",NA,250,47894,10.6933104940238,7.28166861700609,553.101580761799,21.4099079442135,1072.04208083784
814,"Salamandra salamandra (Linnaeus, 1758)",6.61634,49.9023,"Germany",NA,"TK25 Blatt 6005/4 - Eifel / Speicher / Auw an der Kyll",2024,"HUMAN_OBSERVATION","744821960","naturgucker",NA,25,49334,10.3743486029012,7.6486441461045,550.895701422671,21.7292017299144,1097.38349763611
819,"Salamandra salamandra (Linnaeus, 1758)",1.19846,43.61461,"France","Midi-Pyrénées",NA,2024,"HUMAN_OBSERVATION","200936204","iNaturalist",NA,177,57963,11.7061244532875,9.67999772258548,495.183986340393,22.5899077601103,1021.21214625899
831,"Salamandra salamandra (Linnaeus, 1758)",16.41776,49.3057,"Czechia","Jihomoravský",NA,2024,"HUMAN_OBSERVATION","201031798","iNaturalist",NA,611,50073,9.28165491028285,9.00347474141552,659.080842034008,25.7933196568317,807.94038489334
839,"Salamandra salamandra (Linnaeus, 1758)",13.69418,45.53345,"Slovenia","Obalno-kraška",NA,2024,"HUMAN_OBSERVATION","201111098","iNaturalist",NA,61,55108,9.5481447355092,10.0543406035705,638.348556012951,26.8385597588606,990.837386014899
840,"Salamandra salamandra terrestris Lacépède, 1788",1.79356,44.51052,"France","Midi-Pyrénées",NA,2024,"HUMAN_OBSERVATION","201116412","iNaturalist",NA,9,56524,11.4043647669967,9.27690484196737,493.98187026632,22.1416885958385,1173.09908738299
843,"Salamandra salamandra (Linnaeus, 1758)",19.76354,42.42946,"Albania","Shkodër",NA,2024,"HUMAN_OBSERVATION","201142286","iNaturalist",NA,566,60160,11.0241078950437,8.43140155174035,630.889441510419,26.042736867468,994.555388489827
845,"Salamandra salamandra (Linnaeus, 1758)",-2.17335,42.99121,"Spain","País Vasco",NA,2024,"HUMAN_OBSERVATION","201155859","iNaturalist",NA,923,59396,11.3880368030451,9.45314642765923,447.340494034658,21.2334550904253,882.625760574493
855,"Salamandra salamandra (Linnaeus, 1758)",-6.51191,41.49214,"Portugal","Bragança",NA,2024,"HUMAN_OBSERVATION","201195652","iNaturalist",NA,6,61547,12.1609953291977,10.2558814646965,552.232719816007,26.0459826665405,1010.07719236651
869,"Salamandra salamandra terrestris Lacépède, 1788",5.59191,46.40207,"France","Franche-Comté",NA,2024,"HUMAN_OBSERVATION","201458802","iNaturalist",NA,33,54372,9.71745994971178,9.23036787584933,542.519647243225,23.3867856997355,1297.17474792625
872,"Salamandra salamandra terrestris Lacépède, 1788",7.04202,47.80769,"France","Alsace",NA,2024,"HUMAN_OBSERVATION","201488551","iNaturalist",NA,232,52215,9.6962008368225,8.16798740431252,546.936757357356,22.2689644353635,1351.5539896582
873,"Salamandra salamandra terrestris Lacépède, 1788",8.81506,48.48336,"Germany","Baden-Württemberg",NA,2024,"HUMAN_OBSERVATION","201506438","iNaturalist",NA,179,51498,10.1126857741672,7.72137032467312,581.264563188056,22.5842432388225,1188.76172517418
877,"Salamandra salamandra (Linnaeus, 1758)",-6.51153,38.44322,"Spain","Extremadura",NA,2024,"HUMAN_OBSERVATION","201612086","iNaturalist",NA,138,65867,17.8053897159273,10.1897298916047,660.368740259213,27.5948648775946,480.533265516111
880,"Salamandra salamandra (Linnaeus, 1758)",4.76259,49.38266,"France","Champagne-Ardenne",NA,2024,"HUMAN_OBSERVATION","201663146","iNaturalist",NA,6,50050,10.7221897586617,8.0427901699219,520.712906917848,21.3367838941721,1132.79369195445
881,"Salamandra salamandra (Linnaeus, 1758)",-0.95666,43.46073,"France","Aquitaine",NA,2024,"HUMAN_OBSERVATION","201676598","iNaturalist",NA,77,58679,12.2869807323401,8.82014094751601,448.806030819374,20.6957462423657,988.358256506465
885,"Salamandra salamandra (Linnaeus, 1758)",20.36976,48.04508,"Hungary","Heves",NA,2024,"HUMAN_OBSERVATION","201716860","iNaturalist",NA,15,51521,10.5496278134502,8.79078384522815,744.18048403221,28.3247921285223,760.694847270128
886,"Salamandra salamandra terrestris Lacépède, 1788",8.25475,51.41357,"Germany","Nordrhein-Westfalen",NA,2024,"HUMAN_OBSERVATION","201758091","iNaturalist",NA,26196,47177,10.5801379521224,7.28521651721412,570.45266406669,21.784426428624,1021.30929776394
887,"Salamandra salamandra terrestris Lacépède, 1788",-0.55792,44.65176,"France","Aquitaine",NA,2024,"HUMAN_OBSERVATION","201762126","iNaturalist",NA,58,56519,14.9505829219581,5.84502350064548,400.842901644355,16.75279960365,995.380657382142
889,"Salamandra salamandra (Linnaeus, 1758)",22.05694,42.53691,"Serbia","Pčinjski",NA,2024,"HUMAN_OBSERVATION","201777178","iNaturalist",NA,2301,59445,10.1799205323911,10.3559909744709,693.718510685498,29.3953414521326,712.564939924698
908,"Salamandra salamandra (Linnaeus, 1758)",22.38292,36.96418,"Greece","Peloponnese, Western Greece and the Ionian Islands",NA,2024,"HUMAN_OBSERVATION","201926058","iNaturalist",NA,5,68085,18.4965796859018,3.91169775334333,575.255059940211,19.7789249463841,405.118376805759
914,"Salamandra salamandra (Linnaeus, 1758)",7.87673,50.87373,"Germany","Rheinland-Pfalz",NA,2024,"HUMAN_OBSERVATION","201974706","iNaturalist",NA,28,47896,10.4438309112062,7.41021594100475,558.578865712064,21.6253000371223,1048.17706672945
920,"Salamandra salamandra (Linnaeus, 1758)",8.74159,52.15472,"Germany","Nordrhein-Westfalen",NA,2024,"HUMAN_OBSERVATION","202040089","iNaturalist",NA,4,45738,10.4281031227669,7.86616212876881,566.713646541678,22.2648918280671,990.880245197182
945,"Salamandra salamandra (Linnaeus, 1758)",8.10998,48.65849,"Germany","Baden-Württemberg",NA,2024,"HUMAN_OBSERVATION","202107273","iNaturalist",NA,26646,50777,10.5290483119965,7.86331079704735,570.697710987779,22.420467295137,1128.46677755187
951,"Salamandra salamandra terrestris Lacépède, 1788",2.81792,48.45551,"France","Île-de-France",NA,2024,"HUMAN_OBSERVATION","202187343","iNaturalist",NA,26679,51486,11.8179141823938,8.43596292093162,498.399206603366,21.1663500756697,1017.63533384115
955,"Salamandra salamandra (Linnaeus, 1758)",26.19119,42.73096,"Bulgaria","Sliven",NA,2024,"HUMAN_OBSERVATION","202250680","iNaturalist",NA,786,59453,13.5708211976234,10.042883403373,793.460068108578,31.5036545683659,573.18972288003
967,"Salamandra salamandra terrestris Lacépède, 1788",1.95945,43.1407,"France","Languedoc-Roussillon",NA,2024,"HUMAN_OBSERVATION","202426687","iNaturalist",NA,4,58684,11.4385564795963,9.21307187928057,508.590128286615,22.7067586152128,860.950355804215
